,Country name,Year,Life Ladder,Log GDP per capita,Social support,Healthy life expectancy at birth,Freedom to make life choices,Generosity,Perceptions of corruption,Positive affect,Negative affect,Confidence in national government,Standard deviation of ladder by country-year,Standard deviation/Mean of ladder by country-year,"GINI index (World Bank estimate), average 2000-16","gini of household income reported in Gallup, by wp5-year"
9,Afghanistan,2017,2.66171813,7.497754574,0.490880072,52.79999924,0.427010864,-0.112198286,0.954392552,0.49634856,0.371326178,0.261178523,1.454050779,0.546282768,0.383767564,0.286598861
10,Afghanistan,2018,2.694303274,7.494587898,0.507515848,52.59999847,0.373535544,-0.084887877,0.927605689,0.424125314,0.404904395,0.364666402,1.408343792,0.522711694,0.383767564,0.290681332
20,Albania,2017,4.639548302,9.376145363,0.637698293,68.40000153,0.74961102,-0.032642815,0.876134634,0.669240892,0.33388412,0.457737535,2.682104826,0.578096092,0.30325,0.41048798
21,Albania,2018,5.004402637,9.412399292,0.683591664,68.69999695,0.824212313,0.005384951,0.899129391,0.713299572,0.318996727,0.435337961,2.640530825,0.527641535,0.30325,0.456174195
27,Algeria,2017,5.248912334,9.540638924,0.806753874,65.69999695,0.436670482,-0.191522107,0.699774206,0.641979635,0.288710028,0.497776336,2.039764643,0.388607115,0.276,0.527555764
28,Algeria,2018,5.043086052,9.557951927,0.798651338,65.90000153,0.58338058,-0.172413006,0.758704126,0.591042936,0.292945564,0.497776336,1.973942876,0.391415656,0.276,0.667871892
44,Argentina,2017,6.039330006,9.848709106,0.906699121,68.59999847,0.831966162,-0.182599917,0.841052473,0.809422612,0.291717261,0.305430293,2.409328938,0.398939759,0.4609375,0.394175798
45,Argentina,2018,5.792796612,9.809971809,0.899911582,68.80000305,0.845894694,-0.206936628,0.855255246,0.820309699,0.320502073,0.261352271,2.472558737,0.426833332,0.4609375,0.40535593
57,Armenia,2017,4.287736416,9.081094742,0.697924912,66.59999847,0.613697052,-0.133957878,0.86468333,0.625013828,0.43714875,0.246900991,2.325378895,0.54233253,0.31925,0.478876591
58,Armenia,2018,5.062448502,9.119423866,0.814449012,66.90000153,0.807643652,-0.149108693,0.676826358,0.581487715,0.454840273,0.670827627,2.102110624,0.415235966,0.31925,0.406403482
69,Australia,2017,7.25703764,10.70658112,0.949957848,73.30000305,0.910550177,0.308772951,0.411346525,0.780078888,0.225360975,0.45340696,1.745698929,0.240552559,0.34275,0.428340912
70,Australia,2018,7.17699337,10.7210207,0.940137267,73.59999847,0.916028142,0.137795404,0.404647499,0.759018838,0.187456369,0.468836874,1.750282526,0.243874058,0.34275,0.429814219
80,Austria,2017,7.293727875,10.72407532,0.906217813,72.69999695,0.890030563,0.131114438,0.518303812,0.747568727,0.18026872,0.43590793,1.561061978,0.214028001,0.302692308,0.322941631
81,Austria,2018,7.396001816,10.74189281,0.911668122,73,0.904111981,0.051552333,0.52306056,0.75235039,0.226058796,0.488678724,1.551940084,0.209835008,0.302692308,0.299504399
93,Azerbaijan,2017,5.152279377,9.670762062,0.787039399,65.19999695,0.731030464,-0.245215878,0.652539015,0.592359245,0.19831866,0.766583443,1.673756838,0.324857533,0.211,0.313743263
94,Azerbaijan,2018,5.167995453,9.678013802,0.781229913,65.5,0.772449255,-0.251795292,0.561206281,0.592575371,0.191391662,0.834371924,1.863302112,0.36054638,0.211,0.260409832
115,Bangladesh,2017,4.309771061,8.167346954,0.712552786,63.79999924,0.896217167,0.016269062,0.635014474,0.568827093,0.21350576,0.876646459,1.865365982,0.432822526,0.32775,0.53275013
116,Bangladesh,2018,4.499217033,8.22074604,0.705556035,64.30000305,0.90147084,-0.038008336,0.701421201,0.541344702,0.361237794,0.831693113,2.159303188,0.479928643,0.32775,0.367609113
128,Belarus,2017,5.552915096,9.750800133,0.900255799,65.80000305,0.620979249,-0.129172564,0.654113412,0.540905774,0.232768074,0.447916299,1.662563682,0.299403757,0.281294118,0.283250213
129,Belarus,2018,5.233769894,9.778738976,0.904569268,66.09999847,0.643602371,-0.181864843,0.718455493,0.45033285,0.235728621,0.421278685,1.690107107,0.322923452,0.281294118,0.293443888
140,Belgium,2017,6.928347588,10.66098404,0.921639085,71.80000305,0.856801987,0.051760148,0.543046057,0.786367595,0.233597696,0.449731916,1.510013223,0.217947096,0.284307692,0.354373842
141,Belgium,2018,6.89217186,10.6724453,0.929815531,72,0.808386624,-0.127278343,0.630411804,0.74956274,0.250297338,0.44194454,1.548090696,0.224615797,0.284307692,0.299524575
152,Benin,2017,4.853180885,7.63251543,0.435878992,53.90000153,0.72680825,-0.042811081,0.767234623,0.614722311,0.457920343,0.615089297,2.998126507,0.617765248,0.432666667,0.5770697
153,Benin,2018,5.81982708,7.663907051,0.503544033,54.29999924,0.713264048,0.024661165,0.746510744,0.646655142,0.467871815,0.639219761,3.313297987,0.569312096,0.432666667,0.606243253
168,Bolivia,2017,5.65055275,8.837221146,0.778661788,63.29999924,0.883904934,-0.115274936,0.819261968,0.698195398,0.43394354,0.427632958,2.250484228,0.398276836,0.5216,0.40588659
169,Bolivia,2018,5.915734291,8.860530853,0.827159464,63.59999847,0.863246858,-0.08756835,0.786044598,0.741972625,0.387468874,0.399588227,2.204541922,0.372657359,0.5216,0.450113028
179,Bosnia and Herzegovina,2017,5.089902401,9.368531227,0.775295258,67.5,0.563798666,0.092498638,0.923343062,0.597341657,0.270745516,0.126379713,2.281006575,0.448143482,0.3256,0.486203879
180,Bosnia and Herzegovina,2018,5.887401104,9.402726173,0.835889578,67.80000305,0.658846438,0.124626905,0.912857771,0.642939508,0.277365059,0.254097164,1.987750292,0.337627798,0.3256,0.385817498
190,Botswana,2017,3.504881144,9.668231964,0.768258631,58.20000076,0.817308009,-0.253493279,0.731441498,0.656396449,0.276252508,0.770821095,2.669425488,0.761630833,0.626,0.637864351
191,Botswana,2018,3.4613657,9.680226326,0.794936001,58.90000153,0.817621112,-0.259084016,0.806945443,0.729643226,0.267083704,0.718788147,2.637892485,0.762095869,0.626,0.616160452
203,Brazil,2017,6.332929134,9.554174423,0.904694259,66.19999695,0.764792562,-0.184547558,0.794457376,0.715945125,0.307716906,0.16549027,2.530506134,0.399579108,0.547285714,0.39262256
204,Brazil,2018,6.190921783,9.557932854,0.881505251,66.40000153,0.75060904,-0.126326516,0.763251305,0.749727845,0.349656254,0.16818665,2.637867212,0.426086336,0.547285714,0.420397133
213,Bulgaria,2017,5.096901894,9.828942299,0.94175458,66.59999847,0.689047039,-0.156459168,0.910799742,0.614216745,0.188637346,0.326087952,1.852363825,0.363429368,0.354666667,0.343219519
214,Bulgaria,2018,5.098813534,9.873218536,0.923853278,66.80000305,0.724335909,-0.179109603,0.952014446,0.639021873,0.189090982,0.218995899,2.03750658,0.399604052,0.354666667,0.341206521
225,Burkina Faso,2017,4.646891117,7.440206528,0.784761369,53.40000153,0.613774717,-0.054843456,0.727451324,0.585172474,0.353821069,0.540656149,2.19759202,0.472916603,0.394666667,0.553144336
226,Burkina Faso,2018,4.92723608,7.47052002,0.664859474,53.90000153,0.720743477,-0.004381241,0.757398605,0.710883558,0.342865527,0.622255087,2.646069765,0.537029207,0.394666667,0.605102122
243,Cambodia,2017,4.585842133,8.201130867,0.765094936,61.20000076,0.963774681,0.085995324,0.821022928,0.798616648,0.40828383,0.752442479,2.732651472,0.595888674,0.383767564,0.545690596
244,Cambodia,2018,5.121837616,8.253352165,0.794605374,61.59999847,0.958304822,0.033786766,0.7278104,0.844592512,0.414345801,0.497776336,2.911452532,0.568439066,0.383767564,0.603439152
256,Cameroon,2017,5.07405138,8.121161461,0.69459641,51.90000153,0.766945004,-0.031570964,0.84358561,0.632338762,0.377498746,0.578775525,2.815224409,0.55482775,0.438333333,0.565237224
257,Cameroon,2018,5.250737667,8.133470535,0.676825225,52.70000076,0.816304982,0.032506917,0.884441614,0.642436504,0.355642408,0.6452263,2.921313524,0.55636251,0.438333333,0.521751046
269,Canada,2017,7.414868355,10.69234467,0.93374896,73.40000153,0.945145011,0.155016169,0.362034321,0.862773478,0.21798116,0.652735949,1.603363752,0.216236308,0.3368,0.601348937
270,Canada,2018,7.175496578,10.70124817,0.922718763,73.59999847,0.9457829,0.097966127,0.371740848,0.823668659,0.259397656,0.610466897,1.764457464,0.245900393,0.3368,0.46544224
287,Chad,2017,4.558937073,7.477691174,0.660615563,47.70000076,0.614849687,-0.004919504,0.792389929,0.627503157,0.53824544,0.473544389,2.880960464,0.631936908,0.4155,0.561519265
288,Chad,2018,4.486325264,7.472574711,0.57725358,48.20000076,0.650354564,0.011340086,0.762879312,0.552737296,0.543836236,0.57743603,3.107621431,0.692687511,0.4155,0.60765475
300,Chile,2017,6.320119381,10.03306866,0.879840791,69.80000305,0.790116489,-0.030261263,0.835987508,0.83847481,0.291042089,0.268283308,2.162420273,0.342148632,0.491571429,0.574647009
301,Chile,2018,6.436220646,10.06591988,0.890084922,69.90000153,0.78853035,-0.070615843,0.816297412,0.832562208,0.275820225,0.334744155,2.152998447,0.33451283,0.491571429,0.434312701
313,China,2017,5.099061489,9.636177063,0.772033215,69,0.877617598,-0.191224813,0.7278104,0.821097255,0.214004755,0.497776336,2.271663904,0.445506275,0.425,0.633354962
314,China,2018,5.131433964,9.694375992,0.787605345,69.30000305,0.895377696,-0.174899161,0.7278104,0.85578388,0.189639792,0.497776336,2.262859106,0.440979868,0.425,0.538205683
326,Colombia,2017,6.157341957,9.492126465,0.909249961,67.40000153,0.837554634,-0.162942991,0.87501812,0.836926997,0.299308956,0.221882597,2.544821501,0.413298726,0.5416,0.542027473
327,Colombia,2018,5.983512402,9.511734009,0.870970428,67.69999695,0.850765765,-0.155047998,0.854820907,0.825455189,0.300624102,0.274869502,2.682672262,0.448344052,0.5416,0.506853819
340,Congo (Brazzaville),2017,4.883991241,8.493188858,0.655440509,57.29999924,0.777783453,-0.163537174,0.76278311,0.598951638,0.381640553,0.469826549,2.906801224,0.595169187,0.481,0.477259427
341,Congo (Brazzaville),2018,5.490214348,8.473278999,0.620622933,57.90000153,0.69870007,-0.124500982,0.738020182,0.587506592,0.447646171,0.473673612,3.346595287,0.609556377,0.481,0.597126544
361,Costa Rica,2017,7.22518158,9.650206566,0.92169714,71.09999847,0.93561846,-0.073179178,0.742350757,0.874395847,0.275440067,0.407448441,2.07998395,0.287879825,0.490882353,0.469308227
362,Costa Rica,2018,7.141074657,9.669425964,0.875872433,71.30000305,0.941888332,-0.104196012,0.781301796,0.870097816,0.32586664,0.479977787,2.145969629,0.300510734,0.490882353,0.786516607
372,Croatia,2017,5.343165874,10.02878857,0.770309687,69.59999847,0.715822279,-0.105906412,0.89155972,0.655305028,0.316488236,0.211000666,1.570821404,0.293987006,0.321428571,0.338284969
373,Croatia,2018,5.536271095,10.06575108,0.909806848,70.19999695,0.690855622,-0.15252924,0.925408304,0.582044125,0.290375978,0.248180911,1.703680634,0.307730705,0.321428571,0.322490156
384,Cyprus,2017,6.062051296,10.3863802,0.818671048,73.5,0.811670661,0.040062714,0.851206422,0.784188449,0.300516605,0.312653422,2.369524956,0.390878409,0.326166667,0.410138428
385,Cyprus,2018,6.276443005,9.291332013,0.825573206,73.69999695,0.794215024,-0.020011894,0.848337233,0.750122488,0.298021138,0.352440447,2.128885031,0.339186549,0.326166667,0.448661059
395,Czech Republic,2017,6.789567947,10.39224911,0.900968969,69.80000305,0.8317855,-0.178765178,0.866524994,0.738743961,0.226649791,0.343870819,1.697134495,0.249962077,0.264166667,0.282945663
396,Czech Republic,2018,7.034165382,10.41947365,0.929163933,70.30000305,0.790132403,-0.294359624,0.851382256,0.713700116,0.178068101,0.420783311,1.674933672,0.238114059,0.264166667,0.254285723
408,Denmark,2017,7.593702316,10.75112534,0.952100098,72.09999847,0.955416322,0.152028441,0.18114756,0.823667407,0.205775306,0.572353303,1.66807425,0.219665483,0.267,0.630812943
409,Denmark,2018,7.648785591,10.75559425,0.958218873,72.40000153,0.935437799,0.015592853,0.150607437,0.821422637,0.20605281,0.632478476,1.651060104,0.215859115,0.267,0.479050666
425,Dominican Republic,2017,5.605202675,9.588835716,0.894368112,65.5,0.855359018,-0.123324633,0.760489643,0.738943636,0.274745524,0.459901333,3.240837097,0.57818377,0.484705882,0.480913222
426,Dominican Republic,2018,5.433215618,9.626997948,0.861986339,65.80000305,0.866641581,-0.150951296,0.76227355,0.744871855,0.291403025,0.42177102,3.39545393,0.624943733,0.484705882,0.52009505
438,Ecuador,2017,5.839518547,9.266903877,0.848941743,68.19999695,0.879128158,-0.170977935,0.733588755,0.829141974,0.314343482,0.640512884,2.693175316,0.461198181,0.496,0.41333431
439,Ecuador,2018,6.128010273,9.27445507,0.851345003,68.5,0.869363725,-0.104021087,0.830743194,0.876474917,0.328171045,0.402085185,2.48578763,0.405643523,0.496,0.438511908
451,Egypt,2017,3.929344177,9.263900757,0.63822639,61.40000153,0.592504799,-0.159880474,0.7278104,0.539322555,0.414493799,0.497776336,2.289860725,0.582759023,0.312,0.38081485
452,Egypt,2018,4.005450726,9.293959618,0.75882405,61.70000076,0.681654453,-0.222929537,0.7278104,0.492260754,0.285183787,0.497776336,2.020606041,0.50446409,0.312,0.323928565
464,El Salvador,2017,6.339318275,8.8945961,0.82895261,65.80000305,0.757827342,-0.170792967,0.777748585,0.848850608,0.268448353,0.270235062,2.477155924,0.39076063,0.457823529,0.402195245
465,El Salvador,2018,6.276246071,8.911958694,0.823999166,66.09999847,0.863207281,-0.096786909,0.826600015,0.871536493,0.265370607,0.323992044,2.516374111,0.400936186,0.457823529,0.444246531
476,Estonia,2017,5.938395977,10.29150963,0.93568635,68.40000153,0.861749232,-0.104597919,0.668402255,0.805217981,0.160164103,0.405946255,1.8518399,0.311841756,0.332461538,0.396599621
477,Estonia,2018,6.091302395,10.32410717,0.932693779,68.59999847,0.885618389,-0.144664913,0.620677948,0.794730246,0.16318211,0.420202583,1.762923717,0.289416552,0.332461538,0.367194861
483,Ethiopia,2017,4.180315495,7.455834389,0.73353976,58,0.717101216,0.007518843,0.75689894,0.608514786,0.304436177,0.768354297,1.829915881,0.437745869,0.340333333,0.420267493
484,Ethiopia,2018,4.379262447,7.524516582,0.740154505,58.5,0.740343094,0.043273505,0.799466252,0.659520864,0.271753967,0.875270963,1.945811152,0.444323927,0.340333333,0.440552592
494,Finland,2017,7.788251877,10.61117172,0.963826418,71.80000305,0.962198973,-0.005695975,0.192412779,0.787137091,0.176065788,0.59753859,1.416398287,0.181863442,0.275615385,0.425614446
495,Finland,2018,7.85810709,10.63605976,0.962155044,71.90000153,0.937807381,-0.131735161,0.198604837,0.781546414,0.181780651,0.555102229,1.42561233,0.181419298,0.275615385,0.362294197
507,France,2017,6.635222435,10.56115437,0.931494594,73.59999847,0.83389014,-0.127377018,0.601486027,0.762097776,0.241983935,0.37479353,1.631064415,0.245819107,0.320923077,0.372855246
508,France,2018,6.665903568,10.57335186,0.921463072,73.80000305,0.816377223,-0.141567126,0.581775308,0.767313421,0.282451361,0.380547434,1.59904933,0.239884853,0.320923077,0.360965639
515,Gabon,2017,4.782382965,9.714891434,0.806941152,59.20000076,0.652359545,-0.247073993,0.868305504,0.634047151,0.446124285,0.286989242,2.457131147,0.513788044,0.422,0.58923018
516,Gabon,2018,4.783009052,9.718316078,0.78482759,59.70000076,0.719135404,-0.217487514,0.82286346,0.640691638,0.417660981,0.311373711,2.62363863,0.548533082,0.422,0.485094249
517,Gambia,2017,4.117938995,7.353572845,0.697001517,54.70000076,0.812325835,0.126379773,0.571615577,0.838287175,0.27724719,0.796493292,2.480230808,0.602299094,0.422666667,0.562509775
518,Gambia,2018,4.922099113,7.376553535,0.684799969,55,0.718728781,-0.020011894,0.691069543,0.804012179,0.3792077,0.757543445,3.158857584,0.641770422,0.422666667,0.592391193
530,Georgia,2017,4.45077467,9.18451786,0.590495169,64.69999695,0.820908785,-0.230505854,0.589631975,0.581127703,0.209639609,0.296396226,1.775079966,0.39882496,0.380117647,0.454276502
531,Georgia,2018,4.659097195,9.229100227,0.617218554,64.5,0.7751441,-0.219247594,0.754853785,0.572953463,0.243778914,0.300006181,2.223053217,0.477142483,0.380117647,0.419812053
543,Germany,2017,7.074324608,10.71949959,0.892166078,71.90000153,0.840727866,0.141375408,0.414021194,0.736565709,0.196434811,0.622935653,1.441730261,0.203797579,0.306222222,0.319597334
544,Germany,2018,7.118364334,10.73094463,0.919763148,72.19999695,0.8768875,0.030199649,0.495673954,0.780280411,0.243214577,0.592990577,1.623589158,0.228084579,0.306222222,0.283512622
567,Greece,2017,5.14824152,10.10945988,0.752899528,72.19999695,0.438300014,-0.291227311,0.87223947,0.60293901,0.332830757,0.139880896,2.411631107,0.468437821,0.346384615,0.346705943
568,Greece,2018,5.40928936,10.13205814,0.793500781,72.40000153,0.564455688,-0.336384535,0.860302389,0.665699065,0.255006582,0.157048658,2.07977128,0.38448143,0.346384615,0.315494269
580,Guatemala,2017,6.325118542,8.912446976,0.826492071,64.5,0.914521694,-0.059932403,0.799747884,0.845865786,0.308086157,0.458623856,2.858946085,0.4519988,0.523666667,0.495318562
581,Guatemala,2018,6.626591682,8.923428535,0.841107249,64.80000305,0.909538031,-0.011167034,0.765454412,0.871362031,0.262411267,0.45706442,2.840461254,0.428645879,0.523666667,0.634369075
588,Guinea,2017,4.873722553,7.600365162,0.634025574,53.29999924,0.738212824,0.046024639,0.750026226,0.704477131,0.422460884,0.639980793,2.969935417,0.609377205,0.387,0.618353307
589,Guinea,2018,5.25222683,7.633718014,0.630433142,54.40000153,0.731157243,0.100011282,0.778393805,0.743881047,0.4404383,0.59172374,3.302635193,0.628806651,0.387,0.603387713
600,Haiti,2017,3.823865652,7.410451412,0.646984994,55.5,0.484429151,0.380740523,0.647191584,0.573366702,0.321692765,0.435076952,2.15694499,0.564074457,0.411,0.574473023
601,Haiti,2018,3.614928007,7.416091919,0.537975907,55.70000076,0.591468394,0.420986384,0.720444739,0.5841133,0.358720034,0.367896646,3.076730251,0.851117969,0.411,0.669433951
613,Honduras,2017,6.019985676,8.421077728,0.84335494,67,0.898377419,0.078603566,0.783429444,0.842200935,0.248383343,0.495585024,2.963586092,0.492291212,0.5466875,0.561559021
614,Honduras,2018,5.908423901,8.439203262,0.827067018,67.19999695,0.872161686,0.105728693,0.803564787,0.871844649,0.287357897,0.398913682,3.134720325,0.530551016,0.5466875,0.672158837
652,India,2017,4.046111107,8.768212318,0.606767476,59.70000076,0.88585043,-0.053620495,0.780802786,0.682090998,0.317936778,0.8392784,1.65982759,0.410227895,0.351,0.380112171
653,India,2018,3.818068743,8.830280304,0.638051987,60.09999847,0.890443385,0.071806304,0.80526334,0.65728718,0.357458085,0.753280878,2.212352753,0.579442859,0.351,0.428205669
665,Indonesia,2017,5.098401546,9.322663307,0.795589209,61.90000153,0.865026295,0.475460678,0.900416434,0.862584174,0.319171578,0.825765371,2.3251791,0.45606041,0.395,0.449708253
666,Indonesia,2018,5.340295792,9.362827301,0.809378862,62.09999847,0.879374385,0.499377817,0.867729425,0.863717854,0.295986801,0.837602735,2.530802488,0.473906785,0.395,0.464347184
676,Iran,2017,4.716783047,9.856533051,0.714232922,65.69999695,0.730635166,0.186621651,0.714941323,0.693666041,0.438533902,0.497776336,2.497179031,0.529424191,0.4134,0.852039635
677,Iran,2018,4.278117657,9.886064529,0.673764706,66,0.603319883,0.044715501,0.703439772,0.553196609,0.493148893,0.549940705,2.375708342,0.555316269,0.4134,0.44058615
698,Ireland,2017,7.060155392,11.11744022,0.943481982,72.19999695,0.905341148,0.210759684,0.33708474,0.833388925,0.212784126,0.603799641,1.761334419,0.2494753,0.326153846,0.367454171
699,Ireland,2018,6.962335587,11.16332817,0.937862396,72.30000305,0.861471593,0.139783427,0.362210244,0.810857236,0.213050067,0.618405282,1.863788128,0.267695814,0.326153846,0.366410613
711,Israel,2017,7.331036091,10.40826416,0.916440845,73.09999847,0.768076301,0.142772496,0.792652249,0.673591316,0.276443154,0.389368147,1.522682905,0.20770365,0.4112,0.245601237
712,Israel,2018,6.92717886,10.4245739,0.90959543,73.30000305,0.724662304,0.052549962,0.770134807,0.66348964,0.28206256,0.422329724,1.734907031,0.2504493,0.4112,0.261861771
724,Italy,2017,6.198870182,10.4693718,0.919791222,73.40000153,0.632843256,-0.037178084,0.866667926,0.661180735,0.322846144,0.230196297,1.927246571,0.310902864,0.344,0.346708387
725,Italy,2018,6.516526699,10.48051643,0.912656128,73.59999847,0.650009274,-0.023462269,0.887824833,0.649023056,0.402975351,0.206626192,1.522744656,0.233674273,0.344,0.457490861
731,Ivory Coast,2017,5.037734985,8.188968658,0.661375344,48.90000153,0.732097924,-0.096848264,0.770940244,0.697735488,0.35745579,0.516654313,2.612090111,0.518504858,0.42,0.557953954
732,Ivory Coast,2018,5.26837492,8.236133575,0.620882571,49.5,0.712590039,-0.036959659,0.790966868,0.682098389,0.385631382,0.535438716,3.078240871,0.58428663,0.42,0.52024436
749,Japan,2017,5.910676479,10.57137394,0.881961286,74.90000153,0.849396586,-0.217277035,0.659198642,0.740387619,0.17551218,0.412489951,1.950256944,0.329954952,0.321,0.42615369
750,Japan,2018,5.793575287,10.58161831,0.886431932,75,0.77347213,-0.272972286,0.686784506,0.703355014,0.185300156,0.384880394,1.916025519,0.330715567,0.321,0.418661803
762,Jordan,2017,4.808082581,9.028517723,0.814664543,66.59999847,0.766262472,-0.150125921,0.7278104,0.627798378,0.391505182,0.497776336,2.523892403,0.52492702,0.343,0.363606215
763,Jordan,2018,4.638933659,9.024435043,0.799544334,66.80000305,0.762420297,-0.183489695,0.7278104,0.707334643,0.291556867,0.497776336,2.764460564,0.595925868,0.343,0.391051114
775,Kazakhstan,2017,5.882351398,10.08812237,0.914093196,64,0.745243967,-0.045617759,0.755250692,0.756762207,0.171486408,0.755705774,1.745323777,0.296705127,0.305866667,0.337242872
776,Kazakhstan,2018,6.00763607,10.111166,0.936656713,64.59999847,0.84018296,-0.108595312,0.82378298,0.69319874,0.161542282,0.615031958,1.878688693,0.312716782,0.305866667,0.384010792
788,Kenya,2017,4.475654125,8.004040718,0.714604318,59.5,0.853394389,0.249233559,0.85400039,0.788452208,0.230210304,0.637862563,2.532363415,0.565808535,0.4365,0.521331966
789,Kenya,2018,4.655702591,8.03267765,0.706719875,60.09999847,0.821412981,0.306653082,0.844244063,0.759102881,0.236920774,0.675367296,2.749230623,0.590508223,0.4365,0.584187031
800,Kosovo,2017,6.149199963,9.189712524,0.792087257,64.87929535,0.857676744,0.11196661,0.92519182,0.738435566,0.185879096,0.298196137,2.432453156,0.395572305,0.289909091,0.402043372
801,Kosovo,2018,6.391825676,9.291332013,0.82240653,65.14982605,0.88973701,-0.020011894,0.922078192,0.778271317,0.170248464,0.347546548,2.56380105,0.401106209,0.289909091,0.402302265
823,Kyrgyzstan,2017,5.629536629,8.129609108,0.882586658,63.79999924,0.859389782,0.164255798,0.874494493,0.755125225,0.160438314,0.561672747,1.901391029,0.33775267,0.304117647,0.382150888
824,Kyrgyzstan,2018,5.297383308,8.151305199,0.898147821,64.09999847,0.94494766,0.287731975,0.907405317,0.763270557,0.203300148,0.497065544,1.901606202,0.358970851,0.304117647,0.388922274
830,Laos,2017,4.623140812,8.763640404,0.70733577,58.29999924,0.891000748,0.073066324,0.591616809,0.872791767,0.344225883,0.839935005,1.881973863,0.407076895,0.348,0.585087001
831,Laos,2018,4.85940218,8.813603401,0.70473814,58.70000076,0.906660974,0.140599459,0.634239852,0.852213562,0.331882507,0.497776336,2.161453962,0.444798321,0.348,0.552090645
842,Latvia,2017,5.977817535,10.12918186,0.895098746,66.5,0.699520111,-0.158590496,0.79837811,0.623312771,0.231753111,0.264000505,1.814803123,0.303589582,0.360333333,0.36218524
843,Latvia,2018,5.901154041,10.18411732,0.913276315,66.80000305,0.608207643,-0.216999531,0.798949242,0.585233271,0.191870555,0.1971623,1.718401551,0.291197538,0.360333333,0.330420047
855,Lebanon,2017,5.153989792,9.50058651,0.776583016,66.59999847,0.604554176,-0.072667308,0.910727262,0.515443921,0.243549213,0.217718095,1.929767609,0.374422073,0.318,0.326644003
856,Lebanon,2018,5.167186737,9.507958412,0.829380631,67.09999847,0.60703069,-0.066325933,0.906650305,0.463880777,0.270688891,0.219074845,2.150793314,0.416240692,0.318,0.319639176
866,Liberia,2017,4.424490929,6.623783588,0.684866846,55.29999924,0.733389914,0.035448756,0.866806388,0.667946458,0.39133054,0.554991543,3.393739939,0.767035127,0.3485,0.590849876
867,Liberia,2018,4.134852886,6.630169868,0.726750135,56.09999847,0.765769541,0.096002631,0.867924094,0.659731567,0.436099499,0.70391202,3.718958378,0.899417341,0.3485,0.661966324
871,Libya,2017,5.646852493,9.791522026,0.822758794,62.29999924,0.778695881,-0.053038593,0.673065543,0.69704932,0.379374176,0.497776336,2.507787943,0.444103688,0.383767564,0.586069345
872,Libya,2018,5.493977547,9.291332013,0.824165165,62.29999924,0.780558527,-0.020011894,0.645838797,0.705535412,0.398903102,0.497776336,2.472342968,0.450009674,0.383767564,0.596754014
884,Lithuania,2017,6.272940636,10.2929678,0.926316619,66.69999695,0.749307334,-0.177641675,0.789709866,0.607613146,0.19511883,0.32124728,2.175804377,0.346855581,0.355,0.428504139
885,Lithuania,2018,6.308878899,10.33951187,0.929350138,67.30000305,0.698945105,-0.240978554,0.851745069,0.516805112,0.213559717,0.323758096,1.953950167,0.309714317,0.355,0.330166399
894,Luxembourg,2017,7.061380863,11.45400238,0.905435503,72.59999847,0.90282172,0.039554782,0.330173582,0.765816867,0.184467003,0.73892206,1.424475908,0.201727673,0.316076923,0.292349696
895,Luxembourg,2018,7.242630959,11.45392799,0.902192414,72.59999847,0.883929849,-0.025496062,0.385146111,0.750309467,0.201894343,0.755200863,1.344781637,0.185675845,0.316076923,0.326442361
905,Macedonia,2017,5.233866692,9.481223106,0.79995513,67.30000305,0.752106607,-0.057991773,0.855697274,0.502459884,0.299390584,0.442916453,2.111887217,0.403504193,0.390166667,0.371204376
906,Macedonia,2018,5.239834785,9.503044128,0.84891516,67.5,0.744800925,-0.04029087,0.909934342,0.590138078,0.298352867,0.396141589,2.150596857,0.41043219,0.390166667,0.340062618
915,Madagascar,2017,4.078620434,7.255901337,0.626331985,58.70000076,0.570347905,-0.029692357,0.847260773,0.751698077,0.374838024,0.541916132,2.328914881,0.571005523,0.43075,0.57831651
916,Madagascar,2018,4.070586681,7.279894829,0.665512979,59.09999847,0.551473081,0.00569242,0.889145672,0.752341032,0.362013817,0.442305923,2.574611664,0.632491529,0.43075,0.576086402
926,Malawi,2017,3.416862965,6.998548031,0.555422723,56.90000153,0.847920775,0.017441062,0.734636605,0.608666539,0.312088341,0.620332539,2.760293245,0.807844281,0.427,0.57405597
927,Malawi,2018,3.334633589,7.005932331,0.527843475,57.59999847,0.798915148,0.065060876,0.765963793,0.586300433,0.364894032,0.572984874,3.128339529,0.938135922,0.427,0.702330112
949,Mali,2017,4.741850376,7.608029842,0.741359413,51.20000076,0.753213346,-0.067120329,0.862655163,0.741835773,0.392784148,0.504820108,2.511667967,0.529680967,0.372666667,0.549026549
950,Mali,2018,4.415729523,7.627428055,0.691859066,51.70000076,0.737204552,-0.031888556,0.793091416,0.770017266,0.369648188,0.510795414,2.631044626,0.595834672,0.372666667,0.598786891
959,Malta,2017,6.675665855,10.50543213,0.937331796,72.19999695,0.923642933,0.247621223,0.690494537,0.720753372,0.302443117,0.75200516,1.994550347,0.298779249,0.2911,0.41963762
960,Malta,2018,6.909710884,9.291332013,0.931541502,72.19999695,0.927340686,-0.020011894,0.595199883,0.721224427,0.295698792,0.757713675,1.81986022,0.26337719,0.2911,0.385406852
971,Mauritania,2017,4.678159714,8.188031197,0.77922523,56.70000076,0.527446806,-0.135666266,0.777314067,0.637107074,0.272321939,0.292109728,2.130549908,0.455424786,0.36875,0.459489941
972,Mauritania,2018,4.313615322,8.196549416,0.801595509,57,0.466888547,-0.095451452,0.710529268,0.663382471,0.275557995,0.258394152,2.119996548,0.491466284,0.36875,0.459489941
976,Mauritius,2017,6.174117565,9.918018341,0.910142243,66.09999847,0.912307501,0.077978596,0.818179905,0.747760177,0.168721184,0.614670753,2.247790575,0.36406669,0.3575,0.415626824
977,Mauritius,2018,5.88174057,9.956447601,0.90884155,66.40000153,0.866928101,-0.082134947,0.78524971,0.77395165,0.157993257,0.619251132,2.557258368,0.434779197,0.3575,0.432353795
989,Mexico,2017,6.410299301,9.760567665,0.799839377,68,0.861405134,-0.204242066,0.800893068,0.842642307,0.230990887,0.25695315,2.236207247,0.348845989,0.4698,0.438771129
990,Mexico,2018,6.549578667,9.769919395,0.858068883,68.30000305,0.816200495,-0.181818426,0.808638096,0.88171345,0.213254362,0.294568479,2.326329947,0.355187714,0.4698,0.456424832
1002,Moldova,2017,5.325530529,8.554483414,0.83076793,64.30000305,0.552825212,-0.003629582,0.926333785,0.581488788,0.259477794,0.132729635,1.885169268,0.353987128,0.326058824,0.433169961
1003,Moldova,2018,5.682277203,8.592376709,0.89207989,65,0.823824346,-0.033677354,0.928719878,0.58171463,0.27007246,0.237631857,2.034441233,0.358032733,0.326058824,0.400689602
1013,Mongolia,2017,5.333850384,9.379310608,0.924250782,62.09999847,0.674627423,0.104439713,0.864952207,0.675165296,0.213599518,0.275058359,2.095161676,0.392804742,0.334,0.389351517
1014,Mongolia,2018,5.464622974,9.41570282,0.941514134,62.29999924,0.695546806,0.040724155,0.848502219,0.654125035,0.191890299,0.270371318,2.010124445,0.367843211,0.334,0.364350021
1024,Montenegro,2017,5.614798546,9.705602646,0.881199837,68.30000305,0.625906289,-0.082077965,0.755680025,0.519128144,0.349785089,0.351549894,2.207511902,0.393159598,0.3094,0.352438509
1025,Montenegro,2018,5.650189877,9.732954979,0.855979621,68.5,0.626431286,-0.04869676,0.768922508,0.589933157,0.354935259,0.398499161,2.270362854,0.40182063,0.3094,0.406528622
1032,Morocco,2017,5.312482834,8.920658112,0.641193092,65.59999847,0.814258039,-0.227033943,0.840502441,0.559288204,0.322715908,0.497776336,2.287168264,0.43052718,0.402666667,0.527966917
1033,Morocco,2018,4.896791935,8.937397957,0.553759754,65.90000153,0.773180425,-0.245612621,0.843172729,0.638049185,0.415981561,0.497776336,2.710511208,0.553527951,0.402666667,0.543106675
1039,Mozambique,2017,4.279863358,7.035358906,0.678463697,53.20000076,0.822670519,-0.024964124,0.682108939,0.648381412,0.353176504,0.759234369,2.985019922,0.697456837,0.488666667,0.608845353
1040,Mozambique,2018,4.653713703,7.039377689,0.738480449,54.20000076,0.896621585,0.053591631,0.691220403,0.639639556,0.397278726,0.832037926,3.32643199,0.714790881,0.488666667,0.784366608
1046,Myanmar,2017,4.154341698,8.629019737,0.795183837,58.70000076,0.886011839,0.629576743,0.618821502,0.74564749,0.282285541,0.82417655,2.233865976,0.537718415,0.381,0.424162179
1047,Myanmar,2018,4.410633087,8.685232162,0.773825943,59,0.906110823,0.469964564,0.646725893,0.776950598,0.300140351,0.878752649,2.28704071,0.518528879,0.381,0.424045384
1050,Namibia,2017,4.441306114,9.163438797,0.82833904,56.20000076,0.810401857,-0.196625322,0.831302881,0.72067821,0.277252167,0.745853603,2.739773273,0.616884589,0.611333333,0.602735937
1051,Namibia,2018,4.834087849,9.15621376,0.864214778,56.5,0.75390476,-0.175729156,0.845942497,0.739386976,0.240249082,0.62446779,2.101937532,0.434815764,0.611333333,0.771211088
1063,Nepal,2017,4.736692429,7.80090189,0.816383302,62.40000153,0.84514761,0.144506738,0.770177126,0.570577025,0.375977933,0.559578538,2.468453646,0.521134436,0.383,0.463746637
1064,Nepal,2018,4.910086632,7.851007462,0.768335521,63.5,0.770093679,0.132780746,0.741752803,0.536977708,0.386792421,0.648398161,3.040154457,0.619165123,0.383,0.497896463
1075,Netherlands,2017,7.458965302,10.78875256,0.936501324,72.19999695,0.920319736,0.244597197,0.363133639,0.852184892,0.184519842,0.669553638,1.318479896,0.176764444,0.286333333,0.44193548
1076,Netherlands,2018,7.463097095,10.8092041,0.939443171,72.30000305,0.919985175,0.155536488,0.370557785,0.861976624,0.204794183,0.656541049,1.234732628,0.165445074,0.286333333,0.467997849
1087,New Zealand,2017,7.32718277,10.49365616,0.95492065,73,0.942279458,0.289705753,0.221887484,0.817431271,0.171716571,0.609015465,1.650335789,0.225234702,0.383767564,0.446442187
1088,New Zealand,2018,7.370285988,10.50147724,0.953862727,73.19999695,0.94930017,0.116750032,0.206580222,0.845362604,0.16795145,0.64246124,1.56991601,0.213006124,0.383767564,0.388641357
1100,Nicaragua,2017,6.476356506,8.579500198,0.83804369,67.19999695,0.922162771,0.010300541,0.672963321,0.849764168,0.308447897,0.590425193,2.657253265,0.410300642,0.4795,0.442813009
1101,Nicaragua,2018,5.81895256,8.614512444,0.854276538,67.5,0.797056854,0.002830009,0.712824762,0.792649329,0.408349842,0.343466878,2.711075544,0.465904385,0.4795,0.429590642
1113,Niger,2017,4.615673542,6.830874443,0.582109571,53,0.68355757,-0.017152032,0.777660012,0.731161416,0.426522374,0.601117253,2.780397892,0.602381825,0.36875,0.65929687
1114,Niger,2018,5.164007187,6.844517708,0.612025678,53.5,0.790665627,0.023082649,0.637166798,0.770557642,0.502554536,0.747923851,3.570200443,0.691362381,0.36875,0.459489941
1124,Nigeria,2017,5.321928024,8.582691193,0.733468533,49.29999924,0.825905561,0.113835752,0.834891975,0.724990547,0.235968769,0.558790743,2.947903156,0.553916395,0.4155,0.46859923
1125,Nigeria,2018,5.252288342,8.577632904,0.740854204,49.70000076,0.789881051,-0.020767037,0.865602672,0.80526185,0.256469876,0.45174095,2.639125586,0.502471566,0.4155,0.448463321
1138,Norway,2017,7.578744888,11.07906151,0.950127661,73.09999847,0.953016818,0.218105063,0.249711379,0.849099994,0.202913806,0.717159748,1.621726036,0.213983461,0.272230769,0.328113139
1139,Norway,2018,7.444262028,11.08562565,0.965961933,73.19999695,0.960429013,0.075728491,0.268201441,0.827414036,0.21186237,0.679502964,1.519595385,0.204129755,0.272230769,0.336649179
1152,Pakistan,2017,5.830870628,8.524110794,0.690263569,58.09999847,0.712657094,0.030064493,0.713928223,0.586166978,0.308341086,0.557435155,1.778067946,0.304940373,0.315125,0.411645055
1153,Pakistan,2018,5.471553802,8.561663628,0.685059488,58.5,0.77256912,0.053521562,0.798841655,0.567294776,0.376706064,0.58938849,2.36315012,0.431897461,0.315125,0.381664693
1165,Palestinian Territories,2017,4.62813282,9.291332013,0.824345112,64.62763236,0.631611288,-0.020011894,0.830646336,0.596765578,0.416072041,0.414400935,2.521674156,0.5448578,0.383767564,0.478864819
1166,Palestinian Territories,2018,4.5539217,9.291332013,0.819479287,64.62763236,0.654534519,-0.020011894,0.813779533,0.610405445,0.418928534,0.392373383,2.580389261,0.566630125,0.383767564,0.48242107
1178,Panama,2017,6.567658901,10.01086235,0.911904812,69.5,0.899573505,-0.160123616,0.840777099,0.832688808,0.242319331,0.390996099,2.677187681,0.407631963,0.532647059,0.474342674
1179,Panama,2018,6.281434059,10.0497303,0.904389799,69.59999847,0.861448109,-0.122782208,0.83693099,0.883580506,0.222598746,0.277477711,2.532861233,0.403229773,0.532647059,0.570101619
1203,Peru,2017,5.710936546,9.412195206,0.830123365,67.80000305,0.826552153,-0.163864419,0.895384133,0.789390862,0.393873721,0.254595339,2.594314098,0.454271227,0.479647059,0.479469627
1204,Peru,2018,5.679661274,9.434348106,0.84530139,68.09999847,0.829641998,-0.188079551,0.906244636,0.808621466,0.380032867,0.202403098,2.694195509,0.474358469,0.479647059,0.503060997
1216,Philippines,2017,5.594270229,8.935796738,0.851028562,61.79999924,0.925703108,-0.146240324,0.711165547,0.768981457,0.340621501,0.83773005,2.597185135,0.464258075,0.383767564,0.503399193
1217,Philippines,2018,5.869172573,8.985702515,0.845803261,61.90000153,0.917808175,-0.113129161,0.726483345,0.772846103,0.393481076,0.802007139,2.700257778,0.460074693,0.383767564,0.474451542
1238,Portugal,2017,5.711499214,10.23770332,0.899984837,72.19999695,0.905065656,-0.177407518,0.880970538,0.649151087,0.294272572,0.501088142,2.205086708,0.386078447,0.367538462,0.44552809
1239,Portugal,2018,5.919822693,10.26201248,0.887113273,72.40000153,0.877404213,-0.262738109,0.87972784,0.679104149,0.317994744,0.520630658,2.17062211,0.366670132,0.367538462,0.41846633
1255,Romania,2017,6.089904785,10.05677509,0.811240137,66.90000153,0.838586688,-0.161854967,0.925658047,0.733730376,0.230836198,0.298341334,2.141298056,0.351614386,0.3658,0.4121176
1256,Romania,2018,6.150878906,10.11209297,0.81793046,67.19999695,0.84515959,-0.220031843,0.921170175,0.735342503,0.298453927,0.226351306,2.196567297,0.357114375,0.3658,0.348827481
1268,Russia,2017,5.578742981,10.11722469,0.896151304,63.90000153,0.73087424,-0.154709876,0.861590207,0.710230231,0.194560528,0.556597233,2.124688625,0.380854368,0.3975,0.377679735
1269,Russia,2018,5.513500214,10.13239002,0.908726096,64.30000305,0.7292822,-0.156226307,0.865311563,0.673346281,0.198796302,0.45583874,2.181481361,0.395661801,0.3975,0.395370573
1279,Rwanda,2017,3.10837388,7.525214672,0.516550004,60.5,0.908114851,0.050674845,0.213757217,0.762161076,0.358309627,0.981398344,2.128731251,0.68483758,0.482,0.714647591
1280,Rwanda,2018,3.5610466,7.567531109,0.616172731,61.09999847,0.924231648,0.057107586,0.163809955,0.793367624,0.308199167,0.988120437,2.332269907,0.654939473,0.482,0.647505581
1292,Saudi Arabia,2017,6.294282436,10.80050182,0.840086281,66,0.814142168,-0.14906089,0.7278104,0.7748757,0.305841893,0.497776336,2.508923054,0.398603499,0.383767564,0.451889485
1293,Saudi Arabia,2018,6.356393337,10.79797173,0.867848396,66.30000305,0.85492152,-0.209563509,0.7278104,0.764405489,0.288379908,0.497776336,2.32445097,0.365687102,0.383767564,0.472084254
1305,Senegal,2017,4.683024883,7.812208176,0.743759334,59.20000076,0.686937034,-0.031085404,0.825241864,0.745732069,0.290836066,0.61072278,2.007637501,0.428705275,0.402333333,0.436694503
1306,Senegal,2018,4.769377232,7.850693703,0.739354789,59.59999847,0.629223466,-0.061628066,0.80477947,0.713894129,0.247074723,0.588927925,1.964082003,0.411810994,0.402333333,0.393896788
1316,Serbia,2017,5.122031212,9.550297737,0.883770406,67.80000305,0.684846342,-0.077337377,0.851457834,0.50972122,0.326407075,0.511197984,2.394509554,0.467492193,0.383767564,0.366129756
1317,Serbia,2018,5.936493397,9.584803581,0.852945328,68.19999695,0.739891827,-0.09851145,0.863723576,0.558940828,0.296295851,0.476144999,2.246088505,0.378352731,0.383767564,0.356202871
1327,Sierra Leone,2017,4.089562416,7.237275124,0.652287126,49.20000076,0.710613549,0.086719848,0.848398328,0.600368202,0.495040029,0.73751694,2.59525919,0.634605587,0.371,0.583586097
1328,Sierra Leone,2018,4.305683136,7.26616621,0.649638355,50.79999924,0.716484487,0.101580702,0.855733216,0.551628053,0.466266662,0.779726207,3.048084021,0.707921147,0.371,0.690721095
1339,Singapore,2017,6.378437996,11.35668564,0.897349894,76.5,0.926127851,0.125963226,0.161790684,0.800114393,0.179324552,0.92699796,1.418072224,0.222322807,0.383767564,0.564909577
1340,Singapore,2018,6.374564171,9.291332013,0.902840674,76.80000305,0.91607821,-0.020011894,0.096562929,0.787092984,0.106870778,0.892469287,1.577076435,0.247401446,0.383767564,0.399787635
1349,Slovakia,2017,6.365509033,10.31411076,0.913386643,68.59999847,0.714224696,-0.066592969,0.920422673,0.788020432,0.21272248,0.34168008,1.897521973,0.298094302,0.26725,0.292588055
1350,Slovakia,2018,6.23511076,10.35223579,0.922378719,68.90000153,0.757634044,-0.179692462,0.909944654,0.75410521,0.253190041,0.327658623,1.775069594,0.284689337,0.26725,0.274584681
1360,Slovenia,2017,6.166837692,10.35458946,0.928187847,70.80000305,0.920862675,-0.027939947,0.828794718,0.615109682,0.285601437,0.239779726,1.982300639,0.321445256,0.2495,0.359244138
1361,Slovenia,2018,6.249419212,10.39720345,0.940971196,71.09999847,0.942045867,-0.12239641,0.839252532,0.643971622,0.27548486,0.239274636,1.946573853,0.311480761,0.2495,0.34900409
1380,South Africa,2017,4.513655186,9.416937828,0.870313287,56.09999847,0.787427902,-0.137357384,0.864781916,0.784800708,0.268175244,0.423274219,2.419569492,0.536055446,0.624,0.565037489
1381,South Africa,2018,4.8839221,9.411724091,0.841343999,56.5,0.752731323,-0.059033662,0.841192603,0.812166572,0.282708496,0.5246858,2.712254763,0.555343568,0.624,0.685774684
1393,South Korea,2017,5.873887062,10.48956108,0.806929946,73.30000305,0.538113713,0.009390867,0.850690424,0.623377562,0.234825626,0.358582199,2.075729609,0.353382617,0.319,0.393612236
1394,South Korea,2018,5.840231419,10.51157761,0.79772383,73.59999847,0.600161672,-0.093965843,0.796825886,0.66120857,0.217145726,0.389084011,2.043847322,0.349959999,0.319,0.398590952
1410,Spain,2017,6.230173111,10.4420948,0.903158188,74.09999847,0.755560756,-0.036033396,0.791268766,0.625055611,0.302387655,0.269585967,1.80572176,0.289834917,0.345384615,0.378949553
1411,Spain,2018,6.513370991,10.46559429,0.910314679,74.40000153,0.7222507,-0.079350598,0.776504457,0.659188032,0.357190847,0.285195619,1.667077065,0.255946904,0.345384615,0.359143615
1422,Sri Lanka,2017,4.330945492,9.364697456,0.822770596,67,0.827077389,0.088255383,0.844210029,0.794951618,0.269727528,0.517589927,2.230376005,0.514985919,0.3934,0.427296966
1423,Sri Lanka,2018,4.400223255,9.400387764,0.828065395,67.19999695,0.852628171,0.086762413,0.85801667,0.831292987,0.301279366,0.57613039,2.356080294,0.535445631,0.3934,0.408001781
1443,Sweden,2017,7.286804676,10.75682354,0.914016783,72.5,0.934582114,0.163362831,0.239366919,0.81354779,0.175066829,0.559461951,1.777176857,0.243889734,0.274153846,0.346856117
1444,Sweden,2018,7.374792099,10.76693249,0.93067956,72.59999847,0.941724658,0.069573253,0.262796581,0.822675705,0.160755426,0.49439624,1.601521969,0.217161641,0.274153846,0.381509691
1451,Switzerland,2017,7.473593235,10.95797634,0.949661374,73.80000305,0.924996912,0.17511341,0.316183478,0.773997068,0.195871487,0.819706738,1.544615626,0.206676438,0.3281,0.295817792
1452,Switzerland,2018,7.508586884,10.97594547,0.930290997,74.09999847,0.926414549,0.096368961,0.301259965,0.792225957,0.191520154,0.84997946,1.639631867,0.218367577,0.3281,0.320724994
1469,Taiwan Province of China,2017,6.359450817,9.291332013,0.891119123,64.62763236,0.75965476,-0.020011894,0.742780089,0.837277293,0.114123158,0.322822392,1.869602203,0.293987989,0.383767564,0.381671965
1470,Taiwan Province of China,2018,6.467004776,9.291332013,0.896458745,64.62763236,0.741032779,-0.020011894,0.735970736,0.848398566,0.092695646,0.311722934,1.69088614,0.261463553,0.383767564,0.330177575
1494,Tanzania,2017,3.347121239,7.894804001,0.705010295,57,0.800495505,0.104961358,0.653606057,0.714645505,0.255335689,0.913339019,2.683667421,0.801783741,0.384666667,0.549375236
1495,Tanzania,2018,3.445023298,7.928911209,0.6753304,57.5,0.807142138,0.14175652,0.611534059,0.762089312,0.221005499,0.914648473,2.665683508,0.773778081,0.384666667,0.568629265
1507,Thailand,2017,5.938895226,9.69754982,0.877268732,67,0.922896802,0.20539546,0.883816779,0.81632179,0.231597617,0.605078816,2.243722439,0.377801329,0.396692308,0.513357759
1508,Thailand,2018,6.011561871,9.734828949,0.873052418,67.19999695,0.90482825,0.251650214,0.906596005,0.843489408,0.198190212,0.605364442,2.105742693,0.350282133,0.396692308,0.482406765
1515,Togo,2017,4.360805035,7.26529932,0.507805228,54.29999924,0.716694415,-0.042401545,0.725519598,0.614188969,0.425824255,0.48495236,2.494830608,0.572103202,0.437666667,0.552189291
1516,Togo,2018,4.022894859,7.287405491,0.596353889,54.70000076,0.611966252,-0.007062926,0.808537722,0.608448625,0.446454376,0.323221207,2.110910177,0.524724185,0.437666667,0.444903791
1530,Tunisia,2017,4.124342918,9.291855812,0.717381597,66.59999847,0.477956653,-0.23090978,0.868826747,0.420961887,0.377196848,0.250827312,2.214817524,0.537011027,0.381,0.414514333
1531,Tunisia,2018,4.741132259,9.304473877,0.732953548,66.90000153,0.649680078,-0.203248903,0.84011662,0.591726601,0.365014285,0.349490464,2.179978848,0.459801316,0.381,0.431391299
1543,Turkey,2017,5.607262135,10.13179111,0.876467824,66.40000153,0.644434214,-0.242938563,0.670910537,0.449800909,0.312846124,0.586161256,1.626328588,0.290039688,0.4058,0.326897621
1544,Turkey,2018,5.185689449,10.1489172,0.847027302,66.80000305,0.528629065,-0.181653723,0.804878533,0.434654295,0.350773096,0.513677061,2.14615202,0.4138605,0.4058,0.36262396
1552,Turkmenistan,2017,5.229148865,9.704366684,0.908454895,61.79999924,0.720399201,0.04387318,0.7278104,0.52088511,0.349627674,0.497776336,1.43217814,0.273883611,0.383767564,0.265776634
1553,Turkmenistan,2018,4.620601654,9.749464035,0.984488964,62.20000076,0.857774079,0.237279803,0.7278104,0.612210274,0.189024538,0.497776336,1.198476553,0.259376734,0.383767564,0.271069974
1565,Uganda,2017,4.000516891,7.437033653,0.739956141,55.29999924,0.772344112,0.069051787,0.81577003,0.703375638,0.400025725,0.655109107,2.673379421,0.668258488,0.4322,0.640636981
1566,Uganda,2018,4.321714878,7.45870924,0.739841044,55.70000076,0.728512764,0.088241369,0.856106222,0.685168505,0.390319228,0.50385344,3.033911943,0.702015758,0.4322,0.655502677
1578,Ukraine,2017,4.311067104,8.973908424,0.858324885,64.30000305,0.598875523,0.017136369,0.936764002,0.597112179,0.234763831,0.11093653,2.255383492,0.523161292,0.265,0.421145946
1579,Ukraine,2018,4.661909103,9.012026787,0.900936723,64.59999847,0.663055062,-0.055041961,0.942960739,0.608771086,0.221851483,0.079710059,2.11156249,0.452939451,0.265,0.349749237
1589,United Arab Emirates,2017,7.039419651,11.11681843,0.83552736,66.90000153,0.962016642,0.199402541,0.7278104,0.795034885,0.207598448,0.497776336,2.030040741,0.288381845,0.383767564,0.600683749
1590,United Arab Emirates,2018,6.603743553,11.12767792,0.851041317,67.09999847,0.943664372,0.036494225,0.7278104,0.787243485,0.302041829,0.497776336,2.214761972,0.335379779,0.383767564,0.721078634
1602,United Kingdom,2017,7.103273392,10.59044647,0.937495291,72.09999847,0.812733293,0.286916465,0.418611348,0.758571804,0.20957242,0.440120846,1.615450263,0.227423355,0.341083333,0.372231811
1603,United Kingdom,2018,7.233445168,10.59694767,0.928483903,72.30000305,0.83750838,0.22199814,0.404276013,0.783171833,0.228275612,0.420859873,1.698950052,0.234874263,0.341083333,0.417473197
1615,United States,2017,6.9917593,10.90090561,0.921002865,68.40000153,0.868496716,0.188832819,0.681191266,0.826555312,0.268269062,0.386535019,1.880687952,0.268986374,0.408166667,0.610804379
1616,United States,2018,6.882684708,10.92246532,0.903856039,68.30000305,0.824606657,0.107713386,0.709928274,0.8153826,0.292226255,0.3138161,2.119374037,0.307928383,0.408166667,0.701417923
1628,Uruguay,2017,6.336009979,9.930685043,0.91380167,68.90000153,0.897851646,-0.101414755,0.626581967,0.835861266,0.280323356,0.413032115,2.288598776,0.361205041,0.427363636,0.399903923
1629,Uruguay,2018,6.371714592,9.959661484,0.917315602,69,0.876210928,-0.108451419,0.682916045,0.876920342,0.274945587,0.361706048,2.217172384,0.347971082,0.427363636,0.437541783
1640,Uzbekistan,2017,6.421447754,8.740833282,0.942131102,64.80000305,0.985177755,0.116510667,0.464641601,0.838989079,0.202737495,0.964690447,2.367688894,0.368715733,0.348,0.445986152
1641,Uzbekistan,2018,6.205460072,8.773365021,0.920821011,65.09999847,0.969897985,0.311694622,0.520360112,0.825421572,0.208660305,0.969356358,2.426437855,0.391016603,0.348,0.384973526
1653,Venezuela,2017,5.070750713,9.439295769,0.895879328,66.30000305,0.635505021,-0.20603478,0.843969226,0.725642741,0.362984866,0.241123602,2.912966013,0.57446444,0.497166667,0.563206851
1654,Venezuela,2018,5.005663395,9.270280838,0.886882067,66.5,0.610855222,-0.176155597,0.827560008,0.759221494,0.373657614,0.260699689,2.891930342,0.577731669,0.497166667,0.459489941
1666,Vietnam,2017,5.175278664,8.727759361,0.811944776,67.69999695,0.783929386,-0.020011894,0.7278104,0.707334643,0.291556867,0.497776336,1.750836015,0.338307589,0.36275,0.466430068
1667,Vietnam,2018,5.295547009,8.783415794,0.83194524,67.90000153,0.909259796,-0.039123703,0.808422983,0.692222416,0.191061363,0.497776336,1.676448464,0.316577017,0.36275,0.415666252
1677,Yemen,2017,3.253560066,9.291332013,0.789555013,55.90000153,0.595190763,-0.020011894,0.7278104,0.455181897,0.295063585,0.247786984,2.178544044,0.669587791,0.357,0.374521881
1678,Yemen,2018,3.057513952,9.291332013,0.789421916,56.70000076,0.55272609,-0.020011894,0.792586863,0.461113781,0.31486994,0.308151186,2.40200758,0.785608053,0.357,0.448596567
1689,Zambia,2017,3.932777405,8.213178635,0.74375391,54.79999924,0.823168576,0.128904432,0.739540637,0.684623301,0.387188882,0.717004061,2.650283098,0.673896015,0.5274,0.612799227
1690,Zambia,2018,4.041488171,8.223958015,0.717720389,55.29999924,0.79062593,0.03664434,0.810731292,0.702697575,0.350962847,0.606715262,2.783418655,0.688711345,0.5274,0.619443059
1702,Zimbabwe,2017,3.63830018,7.549490929,0.754147053,55,0.752826095,-0.069669798,0.751208007,0.806428373,0.224051341,0.682646692,2.656847954,0.730244279,0.432,0.581483781
1703,Zimbabwe,2018,3.616479874,7.553394794,0.775388479,55.59999847,0.762674868,-0.038383581,0.844208658,0.710118651,0.211725846,0.550507784,2.498695612,0.69091928,0.432,0.541771829
